1,1q673
2,esnuj
3,48v1q
4,fiuv4
5,5kwb3
6,jy1qu
7,9kpiq
8,x78v8
9,gqtve
10,icpp7t
11,31qk9
12,4sbg7
13,6eiju
14,vr3zd
15,xrn2e
16,n9gfj
17,c3fqd
18,v2tbw
19,jt4f2
20,mzh4a
21,bckns
22,u6m67
23,j6mkr
24,mdqtu
25,ont6g
26,7w2gh
27,9c5c4
28,bqjuh
29,z1qtq
30,pgn4q
31,8v1qh
32,x2gjg
33,zsbwm
34,ostdm
35,7dvrs
36,9go3f
37,b6fqc
38,1qr73
39,jbspx
40,m9oea
41,b6o7w
42,dvxae
43,2wk5g
44,rax47
45,akxad
46,c8uix
47,oji6r
48,khm9h
49,fj1qd
50,ywze8
51,ormbu
52,3gfqa
53,sayh3
54,bejbf
55,qus57
56,fqmgd
57,y4o9i
58,1qfqk
59,pyfkd
60,85e7w
61,xp1qk
62,nkoaf
63,2rbsu
64,ks9i8
65,agi5d
66,yfmvz
67,1qhuk
68,3f2f8
69,mr49r
70,ouh2n
71,7kzh5
72,wg9tc
73,bi5qc
74,1qwg3
75,jsnvx
76,mu6s3
77,o2mpm
78,7gvwx
79,91qh7
80,s49rv
81,uv4jc
82,idnvc
83,vy4bc
84,kg4f6
85,zwjkm
86,o8v8v
87,7vji3
88,957u1
89,ygqsa
90,1qu1q
91,jut3t
92,9t9wk
93,bwxof
94,zwszt
95,jhf21
96,khpkm
97,n6jpx
98,69xw7
99,v1qv2
100,x9683
101,nkmb5
102,pyfuz
103,d6nrv
104,waxus
105,mi9cb
106,gay9g
107,zrdkp
108,pqz63
109,e1gsb
110,gq3zk
111,zdekh
112,pxnbk
113,q5ogv
114,sfsdj
115,h5u6m
116,7m2qh
117,vf5f3
118,s53ir
119,4ady5
120,684j6
121,vn42m
122,kd2we
123,maie3
124,64o9h
125,uyjm9
126,w78cn
127,m6gm6
128,hum2h
129,j6zmg
130,3j2j8
131,xfovu
132,h4mp5
133,w2fib
134,fh6kc
135,h5z8u
136,6ac5o
137,q7jxt
138,rpwon
139,g8zr5
140,i3tsc
141,edkea
142,4zxhd
143,64o34
144,pe8f2
145,fdpya
146,bq9rh
147,fba7a
148,dwnbk
149,sfck6
150,j1q4a
151,jr37e
152,ow5io
153,b7yw7
154,fia7p
155,1q8jw
156,dwu6u
157,npvmc
158,cb5ji
159,z86rj
160,8bjob
161,1qhje
162,m1q32
163,dh8gj
164,yzwok
165,9xmst
166,zscrh
167,kf2rx
168,rwnpk
169,p8d9i
170,i9v2j
171,m2k78
172,z2qrf
173,89fpe
174,6ipgt
175,t5fj3
176,eqpvz
177,zrzri
178,4rob1
179,ujync
180,v7zh5
181,zsm3u
182,k8ihp
183,q4d4p
184,oy6kw
185,kvzux
186,2phd8
187,b1qwd
188,kc3r6
189,m3j5e
190,rky5a
191,ptaxj
192,dzr3z
193,6p51q
194,ywzez
195,em1qb
196,w8aux
197,z41qp
198,82svq
199,cfskh
200,rmqwb
201,q9m8f
202,t8dvi
203,rq8ax
204,5ekio
205,g83yv
206,gbw5u
207,7f372
208,sb1qu
209,qede6
210,bqgow
211,yfmdi
212,do9yq
213,sdwv4
214,dkgtu
215,5iewc
216,j93ut
217,76sb9
218,x95zb
219,ky6r7
220,d2i9w
221,5247e
222,kae2r
223,v1qt4
224,shtmx
225,w7mga
226,uxywb
227,np8gs
228,89369
229,6nrsh
230,rvap1
231,4qxrm
232,pueqd
233,cf3zx
234,kzhna
235,ivxae
236,8awh9
237,bk5eh
238,zhk5z
239,xa27b
240,k6n7j
241,w6uym
242,j2fo5
243,5wbos
244,869zh
245,z1q9d
246,4t95z
247,cdykm
248,nq6p7
249,konmk
250,py86v
251,4pyw6
252,6yi3y
253,rw3fc
254,8b5ji
255,ipnk5
256,6aer3
257,rxun3
258,pyhk7
259,ap4dk
260,sh71q
261,g3ziy
262,4k6wz
263,2itjk
264,pmbdb
265,ao584
266,7fuhn
267,x9pac
268,wgpfm
269,1q78a
270,e8tz1
271,d2tvk
272,kg347
273,w9rk2
274,snhtb
275,godgi
276,jut3h
277,nq6pr
278,mt6qx
279,6z2np
280,4a8t7
281,i31qk
282,x6um5
283,d2xp6
284,otom9
285,m2fqu
286,6yagb
287,ktc5o
288,i8iqn
289,ahe47
290,8eovp
291,6tb3t
292,jz4tv
293,zdtje
294,efkc2
295,cefr5
296,zvgtx
297,k8xyx
298,ixowi
299,p257w
300,uie8c
301,f6wet
302,5h6w5
303,3mqkd
304,ob6gs
305,5chwv
306,2xydg
307,nmjyw
308,kh6ec
309,c5qhu
310,nypa4
311,8x8dy
312,mgewz
313,9ip5p
314,2oz93
315,w49a9
316,j81qf
317,gkrof
318,veinx
319,2abyv
320,74qtd
321,h8qan
322,3q7k2
323,faxip
324,3ktnz
325,j9qtx
326,jbm24
327,estet
328,cp2qf
329,zui1q
330,1q5n3
331,262k5
332,29f1q
333,wnczx
334,jb9ty
335,72epr
336,5dzws
337,qy8pg
338,oe4g7
339,9w36j
340,kanwg
341,6zx3z
342,4xjkw
343,pj5bg
344,3nsbw
345,ocy5u
346,92ofu
347,8c3tm
348,yb4kr
349,q1q7g
350,437w6
351,h35et
352,qta2u
353,1qouw
354,5u9dy
355,3ta63
356,1qzac
357,ms68u
358,cq2uf
359,xohny
360,kxq9x
361,yt7gh
362,jwscg
363,7iux9
364,6g1qi
365,w785w
366,j4e2m
367,5i2dx
368,woeht
369,bf3mc
370,3sdah
371,tgtcr
372,wpqvm
373,hdvsj
374,3kyn2
375,ocxpg
376,nhmuy
377,kmhrs
378,ewdc5
379,i1qex
380,9ubis
381,q9zma
382,u5mwu
383,izya1
384,4r8r9
385,pwzwc
386,ob8ou
387,r3sf8
388,zgko5
389,artwm
390,eqc67
391,c3oer
392,sux1q
393,jtnat
394,o8qot
395,9zp5p
396,uptjq
397,hxtq6
398,apq7g
399,vucvz
400,v26m3
401,cvtih
402,or2um
403,9kom9
404,fge3h
405,1qp6m
406,bh6hp
407,fj6b7
408,uo8pt
409,uihwu
410,hw1qp
411,s752y
412,djwpb
413,bxy2g
414,3q9yn
415,zs1qi
416,recrm
417,pa9sk
418,akwe3
419,vbw5i
420,azf4v
421,ft8tv
422,1qbqt
423,rt2yi
424,i7aun
425,973gc
426,6uyqm
427,rap7t
428,va1qn
429,9pa3e
430,vmagn
431,zi1qs
432,ypwea
433,7c4cs
434,gj6m3
435,ew4uf
436,zj6ck
437,t4cpt
438,8ubrj
439,pvhj1
440,visq4
441,ohnjx
442,9iyes
443,wcob3
444,4xsqw
445,aoc5d
446,vdwju
447,bs2j1
448,wh6hr
449,utijg
450,y8gcs
451,k57us
452,jvck2
453,a7n9i
454,vh71q
455,tm8sm
456,r5pt3
457,2yt2o
458,1qran
459,785r9
460,h7t4p
461,auoeo
462,qy8cb
463,oru54
464,ihyfo
465,4i7ur
466,qgtdu
467,eud4x
468,5y745
469,dmk5p
470,rev87
471,5iw25
472,sbx4o
473,pzqj4
474,a51qh
475,8afkb
476,toz9p
477,eipwp
478,mtgnt
479,cheuj
480,kx3fo
481,cxqd1
482,ayn59
483,v5wdj
484,7bqh4
485,efh27
486,67qe5
487,rva9n
488,cdyz1
489,qj1qa
490,efbxf
491,7qo65
492,xa27u
493,i4kaw
494,gqcyq
495,256sh
496,fsh85
497,y7h7n
498,wprqo
499,b1q1q
500,9je4k
501,hthnx
502,s5cj9
503,dcx6p
504,be3t4
505,4ya2w
506,2fxu2
507,nkv8r
508,kiqi2
509,c2uo8
510,xn42d
511,87vni
512,dv9wv
513,ymvze
514,jkeqv
515,oadzf
516,pr5g5
517,ghy67
518,2st9a
519,fawm6
520,8axpq
521,6y673
522,xja4k
523,6gj89
524,9xexu
525,2qfh4
526,z53z9
527,kivkb
528,q8d8c
529,xkgdj
530,b3279
531,nh1q1
532,uekax
533,e56cj
534,n8z5h
535,29sum
536,5ijqc
537,dha2c
538,539go
539,qei1q
540,omhcf
541,9p6a9
542,ubam8
543,6gvwv
544,4km1q
545,v3kwg
546,zkcne
547,kjwy1
548,dtnyj
549,bmco2
550,9adef
551,uz7h8
552,srf3y
553,eyfbt
554,czmf4
555,nvfwv
556,ksbam
557,j35s9
558,b4vs8
559,q627c
560,bpc2g
561,eodao
562,ty1qk
563,e6vih
564,z4q2a
565,51qy3
566,fpowr
567,1qzyu
568,fohse
569,1qd6e
570,jqs96
571,ozpz6
572,kz851
573,6kuqs
574,myteo
575,9skat
576,qm6m2
577,h51qz
578,3oy41
579,wkc9n
580,6s58x
581,rho7p
582,igibe
583,rhjiw
584,pfnid
585,sdgig
586,d8bau
587,tdhyc
588,skr8i
589,i2gj1
590,ye3s7
591,3vuhe
592,u2qt8
593,f1qdw
594,tyrxh
595,wj9k1
596,ocjkn
597,mj1q8
598,k43j3
599,hc5ys
600,xsdfk
601,y6zih
602,6ny5u
603,9d3jw
604,qyog2
605,yr6hq
606,wath2
607,nepx1
608,m6esc
609,i5euy
610,gw87w
611,akpiq
612,pk6hr
613,r2r5v
614,jgmps
615,5g57h
616,p9nuw
617,qfino
618,nr5j9
619,w6ei3
620,wac69
621,houhx
622,qfni4
623,zy5c2
624,n341q
625,81qg2
626,o6gkx
627,49rpf
628,7m3nb
629,6oton
630,db9if
631,oacaf
632,m8d5z
633,4prgs
634,uqkt8
635,5jh9t
636,seh9j
637,d9242
638,oy1qm
639,3a96g
640,o6ib2
641,bsp8n
642,ka78c
643,za84p
644,afdwy
645,qw1qd
646,bqcxa
647,f84s9
648,7khku
649,2tj9c
650,hptvx
651,58zro
652,dyuf2
653,hj5n7
654,ro1qs
655,zfh9t
656,x3kd5
657,w8o1q
658,h2zvi
659,8gneo
660,b85qt
661,9kd7e
662,rz7ce
663,4f1q7
664,p1qv4
665,ac1qd
666,vy5io
667,pc1qp
668,xrfm6
669,igsfr
670,g2ps3
671,em4mz
672,6nvxt
673,3hsd3
674,qeuvs
675,k7o7j
676,xi3n7
677,uhose
678,tizur
679,ngc87
680,yx1q1
681,yr8ia
682,nc2sy
683,eaut8
684,icdrx
685,68rgs
686,rdis2
687,cse79
688,nzc57
689,8ym7u
690,ya2e8
691,qubqp
692,b32vb
693,cdhq7
694,45xox
695,e4yxw
696,st6u1
697,w7k8m
698,6cd1q
699,5exmk
700,qkvwv
701,o6npi
702,mj9it
703,u3kbm
704,2ngbs
705,cwm7g
706,gi2yj
707,beaj8
708,95gcs
709,61qzv
710,7xd1q
711,58vab
712,seriq
713,c3dnx
714,kif3o
715,6m1qb
716,jvzxb
717,owjh1
718,mgbg2
719,euruf
720,uho95
721,fkzfp
722,1q3gr
723,89b1q
724,6gxgr
725,yhj1q
726,wonv6
727,7o7ws
728,s1q8b
729,7yei7
730,st2o9
731,3wbh9
732,qsei4
733,bufv3
734,9a7xt
735,uhydx
736,t5maq
737,etjp6
738,56s5p
739,qvu24
740,duya7
741,mt4rc
742,zdun5
743,7jmdp
744,h5y7c
745,8poxq
746,tmcza
747,xcvr4
748,6pk6m
749,jn69q
750,ba6ap
751,pswek
752,xswnw
753,hmr4z
754,fwdvf
755,1qg1q
756,zphpo
757,7bphw
758,y8uxj
759,wa53t
760,uspfx
761,fgcvp
762,hujkh
763,fn9ct
764,qpkug
765,8rsps
766,1q9f1
767,tx72q
768,rc6sy
769,e69kb
770,zfni1
771,xdu6a
772,e74zq
773,ye1q4
774,j6zqw
775,ivk5d
776,p3jn6
777,rjy8m
778,pah2n
779,ajiw2
780,vgcqs
781,me4ja
782,72jo7
783,ywnbs
784,wefcw
785,uyrk1
786,g9jai
787,25et5
788,n5fat
789,tcmn3
790,eb6sm
791,im2ik
792,wuoch
793,9scpn
794,ir2b7
795,dxo4m
796,vjqbx
797,zupta
798,73wea
799,6xb1q
800,s3y4t
801,dh8pw
802,cszig
803,ax37r
804,vscxd
805,tho34
806,riwo2
807,qabaz
808,b6jva
809,926c7
810,749eco
811,qwb2u
812,d1qpd
813,68cgc
814,4q1q7
815,hpezv
816,g57vi
817,evhyo
818,8bs6a
819,ti3xr
820,5mufa
821,qnevw
822,ox1q1
823,mpyj5
824,73w3g
825,stjbe
826,2v8zc
827,iamns
828,qp4is
829,o2fvq
830,ni32p
831,kcw2h
832,6wcvh
833,rn8ic
834,p52ud
835,adh6t
836,fwn7h
837,j586a
838,s7deb
839,q7exv
840,br6rc
841,fmvk7
842,7gmda
843,h6hmh
844,si3it
845,r493e
846,pr6t6
847,a3b1q
848,fy7ur
849,drkod
850,bqo48
851,9myqb
852,2gefk
853,zvdgo
854,xugej
855,8iy7t
856,v5z9z
857,gk31q
858,k4tgk
859,ypm3w
860,i2uz8
861,4jdav
862,pw4pc
863,zsvqy
864,x7m3s
865,d9cza
866,4jktc
867,pqm2r
868,tx24s
869,m2udp
870,upioa
871,sqgno
872,iqx8j
873,kt2a9
874,ya1q1
875,c1qwt
876,bpcb4
877,wgbm4
878,hzyqa
879,h8mjr
880,896vp
881,t2ku3
882,89hcj
883,6ub8o
884,4xwfx
885,phwbu
886,x9cof
887,psyuk
888,c1qmd
889,de3ua
890,o74hg
891,wvw1q
892,7qmwf
893,pxguy
894,3zms8
895,n925t
896,8wjan
897,z8axm
898,r31qd
899,cvhi5
900,og2ns
901,mwn6m
902,uwzdk
903,2whiv
904,8tzyc
905,tzsx6
906,g4qgd
907,bedj9
908,pmsgi
909,42erh
910,ph2ux
911,2m41q
912,a4k9j
913,ovtw6
914,mz6ux
915,9dxjs
916,uob8y
917,s8tfz
918,rxjuf
919,ptanj
920,qs1qd
921,4ufa2
922,iy8pw
923,9pzce
924,uxjza
925,2hp6u
926,ntq1q
927,keirq
928,z8oeh
929,fte1q
930,jphk8
931,4th5k
932,2sr56
933,niwt1
934,2zhyn
935,i8fkd
936,xuws5
937,1qngu
938,zqkqd
939,eswfu
940,ih7gc
941,zxvtd
942,esvpn
943,cajk2
944,xr9jc
945,k6eb8
946,ign1q
947,a6e6p
948,v4x23
949,go8o8
950,2py1q
951,sa7tk
952,d5fb1
953,2ht3z
954,ztmq9
955,n3z1q
956,etm8q
957,c8db3
958,bvo6t
959,x8nae
960,wbgbm
961,o2mgo
962,ouh3y
963,92jak
964,bo1q9
965,estqy
966,zx1qe
967,rj9d6
968,fo7tg
969,3in2s
970,i3zj8
971,4kqb4
972,2qvxh
973,og98k
974,2etwm
975,nif2c
976,k9qs7
977,8frjf
978,6zaq1
979,7e4et
980,b3xoc
981,e1qzs
982,dgrbi
983,yf7hm
984,j1q2g
985,5o5w1
986,3r5oq
987,1qi24
988,m24ds
989,prwes
990,sicu7
991,4towr
992,xferg
993,itzm8
994,gyzpi
995,2v2zx
996,6ng5x
997,4o21q
998,2beph
999,ziwtf
1000,xciom
1001,nc34y
1002,ndxsz
1003,t5qkh
1004,56uko
1005,c1qed
1006,5d1qz
1007,zu9vp
1008,eg6g5
1009,31q4s
1010,1qu1q
1011,u341q
1012,xw49g
1013,n9b1q
1014,a21qd
1015,euo75
1016,uvtye
1017,x79rg
1018,5u61q
1019,kz34a
1020,3g1qp
1021,qnk69
1022,1q9yn
1023,qx8gw
1024,rc7sy
1025,78etk
1026,ysmf8
1027,rjcv1
1028,xsu2j
1029,ay8yv
1030,snsyq
1031,adgup
1032,cy1q4
1033,nfh6e
1034,6e9ex
1035,6kadq
1036,scngp
1037,cnyx3
1038,knint
1039,ce8ds
1040,6mzek
1041,7quxa
1042,3ioth
1043,38oz3
1044,coi96
1045,q6bvq
1046,xo52n
1047,jc1q4
1048,gm29v
1049,y6vwf
1050,54bwt
1051,qrdrc
1052,hg3bx
1053,89g25
1054,1qoso
1055,cdiap
1056,42w38
1057,6fc8f
1058,5w924
1059,zwd7x
1060,3ogms
1061,8ympo
1062,8qce4
1063,phxe2
1064,kmsn3
1065,dsohc
1066,uvuio
1067,8e5n7
1068,2fw5o
1069,iq9yv
1070,h61qf
1071,6pbyv
1072,w4sei
1073,v9d1q
1074,ava1q
1075,yhoyn
1076,41qfk
1077,kjcq6
1078,wzuvh
1079,72tzx
1080,pdwap
1081,kw1q4
1082,2cawj
1083,r5iyn
1084,yezbi
1085,31qyf
1086,9nazy
1087,tdc9a
1088,e67oh
1089,hxq5i
1090,8dz5d
1091,9z5zd
1092,vh93h
1093,y3z93
1094,9qouk
1095,y1qo3
1096,ru9ei
1097,4u9uk
1098,tv3kx
1099,8w5d5
1100,esxsf
1101,q29ax
1102,pyfbv
1103,ghqrg
1104,mvjzj
1105,65tzx
1106,t3v8r
1107,7jv79
1108,8rtm7
1109,qgm7c
1110,gx7mo
1111,5qmve
1112,y3wmc
1113,qk41q
1114,s3bky
1115,h7ztj
1116,9ycmp
1117,7xtek
1118,28vde
1119,hsbpe
1120,b87db
1121,ozx5w
1122,os4nm
1123,z9xrq
1124,xpbp6
1125,pbzav
1126,i8pj3
1127,d9x4d
1128,mnk67
1129,9hyup
1130,v8any
1131,ab1qw
1132,xe5n6
1133,5j5de
1134,uf9k5
1135,f3bxh
1136,j5mj8
1137,xt7kf
1138,ja32p
1139,dnyaw
1140,3so43
1141,woj9h
1142,45zjc
1143,a8432
1144,2kvn7
1145,q7pvx
1146,7ipc4
1147,d3k1q
1148,v8oeu
1149,6xgke
1150,41qfc
1151,fzs4j
1152,xmb1q
1153,uj7d5
1154,d272u
1155,rzdrv
1156,yzrv5
1157,iy57o
1158,732jg
1159,ugwvm
1160,wmsg7
1161,ibkq5
1162,yfv8c
1163,f7k8t
1164,padyt
1165,o9g2b
1166,my2yk
1167,eaeti
1168,7mecn
1169,h468k
1170,k8da4
1171,jqpc7
1172,goywb
1173,ph4wn
1174,7gk86
1175,7u1q2
1176,t1q1q
1177,91qe1
1178,yrsu5
1179,7krpq
1180,gqha8
1181,adhfk
1182,t7jzv
1183,6p1q8
1184,gdckp
1185,dc1qp
1186,mi9cf
1187,2sdb8
1188,o1qt5
1189,nesum
1190,txiny
1191,9sixb
1192,tq358
1193,5jdi8
1194,czt64
1195,1qmt8
1196,wbi59
1197,ifand
1198,oy9k9
1199,598iu
1200,ei2pq
1201,xgof3
1202,r73jc
1203,241qn
1204,rym7f
1205,2azdo
1206,n3nex
1207,u51qh
1208,r4kyc
1209,mt2c4
1210,2uwt3
1211,utnd7
1212,31q63
1213,nnpe4
1214,bkdrj
1215,z7cfp
1216,nsxvd
1217,xb9ui
1218,dft6n
1219,xgabj
1220,3jybr
1221,mo1qi
1222,1qvak
1223,f7r9j
1224,xwq6e
1225,vwp5b
1226,kf98b
1227,rkrf4
1228,ka1qp
1229,xk2xc
1230,u1q3z
1231,1qkda
1232,k86wz
1233,crj71
1234,n2hfk
1235,tixnq
1236,z94kw
1237,1qoi9
1238,asnb2
1239,yovz2
1240,z7yqv
1241,7bpbu
1242,anmaz
1243,atj1q
1244,a5g3u
1245,t1qoc
1246,b7oqg
1247,7bpbo
1248,pvion
1249,djfah
1250,s1qsx
1251,cx734
1252,6gyed
1253,uhybr
1254,ohava
1255,2idig
1256,e24ax
1257,49n42
1258,1q38n
1259,u3xfo
1260,v3ti7
1261,msog1
1262,udc8c
1263,1q5de
1264,onqn4
1265,ofeab
1266,a3yif
1267,fku5k
1268,9c9z4
1269,od5sn
1270,cnyjk
1271,cxohm
1272,yvzb6
1273,9bjs7
1274,bhkc8
1275,mf8r7
1276,nri4n
1277,p1qfj
1278,mjs9j
1279,yzouc
1280,invr1
1281,qy6kt
1282,r6if5
1283,irkj5
1284,t9z24
1285,35yx1
1286,83mkj
1287,rnp1q
1288,6bft7
1289,osznt
1290,vwomo
1291,cn6cb
1292,pb6po
1293,u878o
1294,avc4n
1295,48ymn
1296,xb8sm
1297,4gohr
1298,q6vo8
1299,e6wep
1300,rafkg
1301,q4nkm
1302,7swzx
1303,ju21q
1304,oi8te
1305,qjc5q
1306,pxnei
1307,okdte
1308,dyws5
1309,frmyc
1310,dc5ce
1311,4p3tz
1312,cgm2y
1313,7g8p6
1314,7rxum
1315,mndht
1316,ynb2g
1317,fx39c
1318,qwoit
1319,rue2q
1320,e1q7u
1321,t3k32
1322,mxhvh
1323,as76x
1324,2vb1q
1325,3gnyp
1326,1q1qk
1327,gcowq
1328,5e48x
1329,gy9h4
1330,bmctn
1331,1q9yt
1332,ydozg
1333,41q75
1334,7gpm2
1335,9r9sz
1336,rjqd4
1337,mdtzi
1338,1qi6b
1339,p8q9y
1340,vy2tw
1341,3mx76
1342,pqtdb
1343,za2sp
1344,qzev9
1345,rsua4
1346,w9bfp
1347,od6a8
1348,qe5yj
1349,o1q6c
1350,vyawz
1351,a5i64
1352,bowak
1353,ejp82
1354,2m4t6
1355,d6vgh
1356,8czqe
1357,nuj53
1358,9a9pc
1359,nek2v
1360,zi5mk
1361,8ndbk
1362,ievyv
1363,fb1qs
1364,npzxb
1365,gmiob
1366,y9e4s
1367,bhb9b
1368,ryoty
1369,gm2az
1370,1qbeb
1371,s2fg4
1372,jsnzt
1373,pvg26
1374,5n5if
1375,yr1qy
1376,bpy7o
1377,k1qb9
1378,2vo9p
1379,25cxu
1380,cjr3d
1381,nps6w
1382,i1quz
1383,htwyg
1384,ct3zb
1385,2kh3w
1386,92tiz
1387,src7y
1388,h1qkg
1389,ct3v1
1390,476hs
1391,2k7uv
1392,6we52
1393,6w52b
1394,qifui
1395,243a1
1396,ryzxw
1397,x4ho3
1398,kciep
1399,43vjq
1400,3nckz
1401,7m4ms
1402,nx1q1
1403,1qpdg
1404,5nwu2
1405,hvrzd
1406,scihz
1407,em6xa
1408,dr484
1409,keif6
1410,tvox2
1411,u6mpf
1412,61q5b
1413,xu5aj
1414,7g94x
1415,piwjc
1416,vd9fv
1417,3o2o8
1418,1qwsf
1419,3kgep
1420,4yafk
1421,6xhiw
1422,6e5od
1423,rt9cq
1424,jxinx
1425,xsxpy
1426,tnifo
1427,nuk74
1428,8emvr
1429,vtpar
1430,mc7zf
1431,8pawg
1432,z3z3o
1433,hdcaq
1434,28ux4
1435,8ybc3
1436,nqxuo
1437,nyz5f
1438,84crd
1439,cuo6y
1440,gfvxq
1441,ni5cr
1442,a5zgt
1443,6vgwu
1444,afdmb
1445,j6zqw
1446,a9e6x
1447,jifjc
1448,9rzdj
1449,cn7f1
1450,jy5qf
1451,zamx6
1452,obkth
1453,suqhi
1454,6a79k
1455,xnh5z
1456,71qgy
1457,61qy2
1458,dmyqc
1459,pgk1q
1460,y1qvi
1461,1qs5g
1462,vfhnb
1463,ub1qv
1464,6bibp
1465,x57v9
1466,yuxi7
1467,g1qoe
1468,1qczj
1469,7hqsk
1470,j9fbd
1471,4eph2
1472,cihrq
1473,rue6p
1474,fhw6v
1475,eavwd
1476,tu4y5
1477,f8efx
1478,a9rs6
1479,p1q4r
1480,tca5v
1481,t3zf2
1482,jqrzf
1483,dz85v
1484,5zk7r
1485,j7ybo
1486,t1q9i
1487,uhsjw
1488,jnwvo
1489,k5d95
1490,ug7qs
1491,atxje
1492,damxh
1493,6uai4
1494,6gpri
1495,t6gvu
1496,ydncm
1497,kc8bi
1498,bsqsg
1499,39ny7
1500,d6q1q
1501,g31q1
1502,grob5
1503,wfqjv
1504,yn5sj
1505,gexd4
1506,p32j6
1507,9sdwv
1508,6vfbg
1509,8zfqx
1510,vb9ti
1511,mz2ir
1512,1qsxt
1513,61qwq
1514,o8rkd
1515,9cgra
1516,ex4rt
1517,bm7qn
1518,8rizf
1519,gumt6
1520,bo2rn
1521,acbeg
1522,xzupo
1523,23sj8
1524,r5bt8
1525,x42d6
1526,jwba1
1527,ihuni
1528,c5ebd
1529,1qhuo
1530,buzn2
1531,kzeo8
1532,kfshg
1533,cqy1q
1534,aj67f
1535,4dy82
1536,9d3jd
1537,1qwdx
1538,b2fn6
1539,m43ts
1540,kcs7y
1541,y8xnm
1542,4hry1
1543,ivtk1
1544,5ct87
1545,uqe8i
1546,fxhvu
1547,1q26x
1548,wx1q4
1549,kenwy
1550,zh1qx
1551,zmt8p
1552,m26wk
1553,ks7g3
1554,ne7pb
1555,sxvwi
1556,61qt8
1557,2zyud
1558,1qsgs
1559,aegvg
1560,we6uj
1561,72tda
1562,1q9no
1563,ngs27
1564,iu31q
1565,bgcdm
1566,prh32
1567,2hmi4
1568,hu1qf
1569,wyexj
1570,2tqtd
1571,dz3h9
1572,4pgbr
1573,skmef
1574,w7yig
1575,k1qwz
1576,62vp5
1577,aia7q
1578,pfa23
1579,wjgjy
1580,6yi25
1581,321qt
1582,mcwhk
1583,1qnv7
1584,cw7qt
1585,h1qka
1586,outek
1587,8n9px
1588,7ed5n
1589,dcez4
1590,1q4hk
1591,pze78
1592,x3uw6
1593,6cowi
1594,e1qys
1595,mry39
1596,f5bqp
1597,xvc1q
1598,zkj7x
1599,vgdj1
1600,oq3jo
1601,6ns8v
1602,ztk6h
1603,q3ov4
1604,u8kno
1605,dveus
1606,x36gz
1607,j45oe
1608,1qkn5
1609,7obh8
1610,zn3co
1611,qeckx
1612,4pufp
1613,d9sju
1614,dnakr
1615,twi1q
1616,9jcrm
1617,jqtnj
1618,ujdv8
1619,k1q9m
1620,9u2iq
1621,c7dg3
1622,m5d8y
1623,52z6e
1624,pvef2
1625,1q8u7
1626,6w8eo
1627,dt4aq
1628,wjtnp
1629,u8jo2
1630,qbvhf
1631,8ts4y
1632,rzn9q
1633,gz7cf
1634,jbet6
1635,n6vo1
1636,zrxkt
1637,5dm3y
1638,g3aiy
1639,cz7bt
1640,8pevf
1641,3jr5o
1642,nzvoa
1643,2fu51
1644,dwptc
1645,8c9yu
1646,8suan
1647,pymj1
1648,75bmf
1649,bsbni
1650,pwcyw
1651,fy8ym
1652,mfte4
1653,25caz
1654,pwzif
1655,va2xf
1656,2tpbv
1657,4bywn
1658,xjex6
1659,j37y8
1660,en49e
1661,t4tgw
1662,3g9vn
1663,v8dzv
1664,fo3q3
1665,e2tce
1666,5h5am
1667,zp97j
1668,qsgen
1669,g2ibj
1670,365gp
1671,ktsdc
1672,pkqoy
1673,83gnp
1674,w1qwf
1675,r4v74
1676,bxny8
1677,nwtgb
1678,a6r95
1679,9gyi9
1680,ahqpu
1681,ao6du
1682,5u7hn
1683,5soey
1684,w95zw
1685,fptpj
1686,avd2o
1687,z8ghr
1688,fz4n7
1689,jcv2x
1690,7yw1q
1691,6ucr3
1692,vwj6e
1693,1q5jz
1694,saq2u
1695,49r4z
1696,df7f6
1697,pcuy7
1698,pzu9p
1699,urshn
1700,eretq
1701,89ztc
1702,ik3yf
1703,3dgb7
1704,hdkmo
1705,eq79j
1706,vfept
1707,1qt5m
1708,htk5i
1709,cn4qn
1710,8g7w9
1711,nmoeh
1712,iujkm
1713,qg7gu
1714,89gzq
1715,75jzt
1716,aipyj
1717,ywg9r
1718,xw9de
1719,s8z3q
1720,1qwgt
1721,hvw74
1722,9wmy6
1723,z1q4o
1724,ox7ge
1725,xas89
1726,t3qdc
1727,a4fx3
1728,bres4
1729,rj53s
1730,qatf4
1731,w21qd
1732,7rnwi
1733,wztaf
1734,z7pyf
1735,pjqj2
1736,jhrti
1737,wq58n
1738,oty63
1739,a2yuy
1740,ydsnj
1741,i1qbg
1742,1q9e1
1743,24j6y
1744,thns3
1745,od97o
1746,ctfo4
1747,azyiw
1748,f5qx8
1749,e9iwi
1750,9v7jt
1751,f2kvx
1752,k5owd
1753,arhdc
1754,j58tz
1755,q9h56
1756,z7t4y
1757,du4s7
1758,mhn2i
1759,oa1qe
1760,z57vt
1761,q4j94
1762,rc5jn
1763,ucsqb
1764,igpc1
1765,ty1qm
1766,7m2d2
1767,kqzmj
1768,qtfcd
1769,fxd37
1770,pt72t
1771,ojocq
1772,4w42i
1773,pbmsq
1774,gqdb2
1775,jgbg4
1776,ka2p4
1777,iraga
1778,da1q3
1779,jvjiy
1780,hs3is
1781,7vu8q
1782,7tc9g
1783,p79q1
1784,rqe94
1785,vepet
1786,7v5w6
1787,zw5dt
1788,7uigt
1789,se9fe
1790,dfbv1
1791,ufzt1
1792,hf4fz
1793,31qaf
1794,k43jd
1795,b71qz
1796,afoh9
1797,g2672
1798,jymnk
1799,a8bop
1800,nkr5v
1801,2owkc
1802,vmi98
1803,uh9rk
1804,rdqsz
1805,gxcg9
1806,e4qo6
1807,h36j7
1808,pbujf
1809,iqu1q
1810,51q1q
1811,jie3c
1812,oece2
1813,e354a
1814,ehi6b
1815,3sgci
1816,2tevs
1817,oi9wh
1818,msnpy
1819,kfw21
1820,2uqbc
1821,3mvea
1822,5a2im
1823,23r1q
1824,feq5x
1825,5a5vf
1826,g87j9
1827,2f25q
1828,pv31q
1829,xjg6h
1830,rc5jo
1831,fedgn
1832,y2sdb
1833,im6vi
1834,uvybo
1835,yrjcw
1836,sta6m
1837,5d1qg
1838,5u71q
1839,rge76
1840,cu397
1841,p96fu
1842,vdty6
1843,96ie5
1844,gok96
1845,bqv81
1846,sdv7h
1847,uso9f
1848,3zyme
1849,q9hp8
1850,murzc
1851,4qz6b
1852,byrt2
1853,7nfj2
1854,w2473
1855,doqd1
1856,xjr1q
1857,pg68e
1858,1qeob
1859,zwn4d
1860,iqpej
1861,b5hgh
1862,zui1q
1863,m1qax
1864,nipqg
1865,oueyj
1866,ozjip
1867,n5f9p
1868,m7oig
1869,dba4h
1870,xsav7
1871,1q4i1
1872,gf5i4
1873,ecr6n
1874,5mcwr
1875,jikqc
1876,5kthe
1877,andth
1878,wawpr
1879,n2ct1
1880,iex7o
1881,ut5w9
1882,tdn7o
1883,3i3qa
1884,qy6ec
1885,z7mj5
1886,18ok4
1887,nezhb
1888,ethth
1889,21qkq
1890,btgxg
1891,v6z4z
1892,3cvud
1893,zwv3h
1894,1q5q2
1895,esufs
1896,tifux
1897,h1qk5
1898,wx61q
1899,vcg45
1900,97nwb
1901,84j7d
1902,drydq
1903,go56c
1904,hk1qx
1905,5roey
1906,pwrzy
1907,59ayw
1908,7cech
1909,mtami
1910,4exfa
1911,5ev24
1912,iawxf
1913,wpne5
1914,scb27
1915,2r8k5
1916,canoz
1917,9qbai
1918,ab1qo
1919,t61qz
1920,yzncw
1921,q3c5g
1922,97m2j
1923,9bw4t
1924,hi3aq
1925,qe1qv
1926,uynkv
1927,4qszc
1928,yoykz
1929,741qe
1930,gp8km
1931,mgsmy
1932,3ka5v
1933,tdhkw
1934,i8n5i
1935,3y9wn
1936,g3h9b
1937,i36du
1938,davgr
1939,tfxe7
1940,1qudz
1941,b9yby
1942,wpf39
1943,zjizp
1944,53z93
1945,9xsga
1946,w5mkf
1947,b79oc
1948,65usg
1949,1qzfp
1950,51q1q
1951,aofku
1952,mw4z2
1953,wb1qm
1954,dbg6t
1955,y41q2
1956,osbpv
1957,owsm9
1958,o8ev8
1959,39r8d
1960,9fza5
1961,yh71q
1962,62584
1963,c2mkx
1964,sbeb7
1965,qr1qb
1966,ugm7b
1967,67qzs
1968,rhwev
1969,nsj9p
1970,awidw
1971,1qwok
1972,bskqw
1973,z231q
1974,a6mx8
1975,zx9ax
1976,fje3p
1977,g3txp
1978,z7yfp
1979,3g1qb
1980,7a1qa
1981,b3y2f
1982,68vj4
1983,87bub
1984,fr3qm
1985,wxsv4
1986,zk3f9
1987,8tbf2
1988,vdnci
1989,uaobc
1990,7ew7v
1991,fcnk7
1992,rdh9f
1993,474or
1994,fi6cm
1995,4z7ts
1996,ufq5s
1997,3ri1q
1998,khtjk
1999,jovus
2000,yk5sw
2001,xhr8c
2002,uvuz4
2003,8a2bi
2004,r3fr1
2005,aqwoe
2006,ioxd4
2007,4ns1q
2008,qoaxh
2009,qm2wh
2010,j8m2y
2011,rnry6
2012,mn4k7
2013,tgo9p
2014,w9j6m
2015,1qaya
2016,2xbkc
2017,c5jux
2018,g1qx3
2019,z84ep
2020,25d8c
2021,8z8ai
2022,6h4tk
2023,up7rc
2024,5b3bn
2025,bwja5
2026,reu5o
2027,1q34t
2028,b95d9
2029,gc6tz
2030,ntuwx
2031,hz67x
2032,4ueqd
2033,y1qut
2034,hnyb9
2035,ycxe8
2036,1qywp
2037,td83d
2038,bqn1q
2039,5a6e4
2040,cg7qj
2041,xbpat
2042,qux4y
2043,rcyt4
2044,2y64g
2045,p1qoq
2046,cwzuk
2047,hap5s
2048,qcv6t
2049,awm6b
2050,45kop
2051,tcry8
2052,bdwju
2053,ufyu1
2054,p2hnv
2055,gmiqa
2056,7j6fc
2057,hgyvx
2058,uvkym
2059,btfq4
2060,nomw2
2061,zsvec
2062,qybku
2063,sy8dx
2064,p1q3g
2065,dwxpy
2066,37rp5
2067,2aosr
2068,2x6wj
2069,ikf7x
2070,u1qys
2071,39uba
2072,bygea
2073,m7nke
2074,vjsn6
2075,idktw
2076,dg6op
2077,upso7
2078,ihs1q
2079,zisuy
2080,gcmi8
2081,j3gzd
2082,uh4cf
2083,7r1qr
2084,bpc1q
2085,6gdov
2086,a92i6
2087,arikf
2088,5idgr
2089,5vitg
2090,vmd21
2091,3xn92
2092,p5jvt
2093,uxng9
2094,b6x3x
2095,n7ted
2096,x3kpo
2097,oimeq
2098,brhru
2099,sma9d
2100,n8iqp
2101,imzxp
2102,iykdc
2103,cbvj5
2104,7ibha
2105,f23xv
2106,cafmh
2107,drmd8
2108,uznmd
2109,h8mx8
2110,hfm3j
2111,m76yj
2112,m3afu
2113,tikwu
2114,42m4z
2115,zeb1q
2116,c7oyv
2117,xbd6v
2118,t3kzm
2119,ghr8d
2120,jg3co
2121,dgcea
2122,vcwi2
2123,qwfjf
2124,1qg71
2125,v5yc1
2126,wy7n5
2127,6pezh
2128,xn9t2
2129,k5xtc
2130,uf8ed
2131,yihih
2132,y9j79
2133,hvfy6
2134,n8hpz
2135,gv2st
2136,z7vm3
2137,to8h5
2138,q9z1q
2139,m51qy
2140,px23k
2141,drdrg
2142,vij4q
2143,yu34x
2144,nsogt
2145,4ckp8
2146,7dths
2147,fg2sz
2148,mgxw2
2149,h7e86
2150,7duae
2151,uwy5s
2152,ifh7n
2153,mt41q
2154,nrtmu
2155,4ivmp
2156,beykh
2157,ix9ou
2158,chvj3
2159,nyt2t
2160,xzbfq
2161,h7x73
2162,e2j7n
2163,ykinc
2164,5ntu2
2165,1q9nw
2166,vxio8
2167,i87hn
2168,5jtxy
2169,zib5f
2170,joe2m
2171,ecpeb
2172,xdi9v
2173,5akjv
2174,m43ag
2175,m5orf
2176,azehw
2177,xf51q
2178,6trw1
2179,n9wy2
2180,uaz46
2181,qgqaq
2182,xoe7r
2183,4x1qa
2184,fnicz
2185,62ysj
2186,6w7c5
2187,ojpap
2188,z4p2h
2189,vz1qg
2190,w868d
2191,ru9bu
2192,dnc4x
2193,v5mwc
2194,bytj8
2195,nj2kc
2196,arhpk
2197,t5xu4
2198,kzwts
2199,kd5g1
2200,25gey
2201,4gmvb
2202,zf7h8
2203,umbst
2204,p3kaj
2205,6ymy7
2206,9w4m4
2207,9noqj
2208,g8t8y
2209,rc1qi
2210,qcqk1
2211,qu495
2212,9tsqt
2213,pz5gr
2214,1q7xn
2215,wf9q4
2216,nbm29
2217,3hsdj
2218,wqyk1
2219,re3vr
2220,ymtzp
2221,57yzy
2222,4vdmw
2223,em3b5
2224,uqr8v
2225,upkt5
2226,exe4u
2227,45y32
2228,5xcb9
2229,zmcz4
2230,1qc8c
2231,82btc
2232,9o9x5
2233,x8t92
2234,6g7kr
2235,1q2ax
2236,psen4
2237,ijtmy
2238,t5jwt
2239,j3unr
2240,ec6cf
2241,z1q8t
2242,gfker
2243,oenu8
2244,bd3wj
2245,yjrks
2246,f9bfg
2247,z2k5x
2248,g621q
2249,9fx69
2250,3bfw8
2251,awj39
2252,as8pr
2253,r2sch
2254,tnmoa
2255,aj6e2
2256,dvaxk
2257,mhupv
2258,gdp3x
2259,cyeip
2260,6cayv
2261,2xr6v
2262,whbxa
2263,qt5rf
2264,tfnz2
2265,2rdca
2266,wku1q
2267,jy897
2268,kq3h5
2269,kcnx8
2270,fdj43
2271,3af41
2272,cg2sx
2273,1qbv5
2274,j2rkx
2275,jf1qh
2276,8dr1q
2277,j6ryk
2278,du6u2
2279,3dhyb
2280,4cnfz
2281,24nyw
2282,2uefd
2283,puh7h
2284,iwgvz
2285,qvegk
2286,khmv2
2287,euw42
2288,h1qjd
2289,beaxt
2290,y92yi
2291,zr3tj
2292,7b6g6
2293,9d5d1
2294,yjw3q
2295,675uk
2296,pyge9
2297,5n3nt
2298,1qi4w
2299,pysfr
2300,wtzse
2301,s5t8b
2302,n1qys
2303,tagkw
2304,r6baz
2305,ntb4n
2306,qi3x3
2307,xz8i4
2308,rz5x5
2309,tup4u
2310,av6kb
2311,6faha
2312,7a2mo
2313,b9qpj
2314,ie92k
2315,q76qv
2316,7afx2
2317,n4tj3
2318,vto1q
2319,6o4ay
2320,qghck
2321,53968
2322,uzwum
2323,bkrjy
2324,nc5xs
2325,5sv74
2326,nt2bi
2327,yc4ec
2328,nbfu1
2329,6am3j
2330,z2h8r
2331,nk5bt
2332,8wyue
2333,wrqxs
2334,qstuj
2335,jnp5c
2336,86fi6
2337,fsnxr
2338,o6qik
2339,b1qby
2340,7emr1
2341,4gnsh
2342,6xw1q
2343,vjm9h
2344,36diz
2345,rbh4v
2346,kus7g
2347,y5x9g
2348,xj2s3
2349,rue4y
2350,9chbv
2351,k7kvn
2352,nh6qs
2353,nk7pr
2354,j4591
2355,ro7ti
2356,eu2d9
2357,gnjdj
2358,4jgtx
2359,4r3s5
2360,zsym1
2361,uy3ua
2362,os9bz
2363,jeszd
2364,ub1qu
2365,32ifa
2366,qbed2
2367,rxyjo
2368,mi4hb
2369,sq3tn
2370,z7n6k
2371,ucfcm
2372,p7c9e
2373,k1q5w
2374,1qihn
2375,4fvki
2376,kuqf8
2377,1qy24
2378,mpsy1
2379,fufj7
2380,4hrjg
2381,ohnfz
2382,ecafb
2383,tkw3d
2384,1qksu
2385,mp4bp
2386,vh5vd
2387,de6yj
2388,7dmx5
2389,pvxeb
2390,kna47
2391,95adg
2392,hgurk
2393,45kgu
2394,et7oh
2395,jnybk
2396,7z5ea
2397,3gctx
2398,ar1qh
2399,yfufj
2400,sp4hc
2401,stvnq
2402,ijpgv
2403,d6hid
2404,j1qci
2405,ewny5
2406,e61qg
2407,aeu5d
2408,kn7dt
2409,nowje
2410,y7eam
2411,ntc51
2412,y623m
2413,8kwpy
2414,it8yi
2415,m8nax
2416,ygn71
2417,fpw98
2418,rkvs5
2419,m3ndq
2420,2hzj2
2421,jwdxr
2422,wk93m
2423,dp1qh
2424,j1qne
2425,3hgej
2426,ij1qw
2427,dhau1
2428,2bc2c
2429,ibztk
2430,wjn82
2431,dtz6h
2432,9wfnp
2433,9vd5b
2434,1qoqi
2435,opej1
2436,ytgeg
2437,f74ug
2438,39u6r
2439,yxs76
2440,ym9te
2441,9yd2r
2442,3krt7
2443,3bxi7
2444,q1qab
2445,gnza3
2446,tngnx
2447,4xd8b
2448,y8ucu
2449,ydwb5
2450,9z6az
2451,sdwn6
2452,3dg71
2453,3e3ie
2454,q42f3
2455,f6ruk
2456,f1q5o
2457,whrc1
2458,jgdsh
2459,j94k7
2460,vjvdk
2461,i1q6f
2462,63y7p
2463,27oxg
2464,6do7t
2465,bfybg
2466,nzaop
2467,vpdad
2468,eviuo
2469,2fvqd
2470,vnzaf
2471,vcgoy
2472,kud4f
2473,2m5wt
2474,wv2eq
2475,wx3ji
2476,q3kj8
2477,m92sj
2478,krxvz
2479,pyx3a
2480,1q3sc
2481,2rmvi
2482,vfy1q
2483,dkmws
2484,1q1qn
2485,9wbor
2486,q3hkv
2487,6q46c
2488,o9jaq
2489,nvi5c
2490,bgdeu
2491,qnjeu
2492,szpr3
2493,tk8e7
2494,a1qha
2495,x89rp
2496,q7245
2497,9f7qm
2498,kvuni
2499,gsgp6
2500,sn7si
2501,f2b5j
2502,32zan
2503,k4fhp
2504,gobjf
2505,g2k5y
2506,4biqw
2507,rhr9r
2508,m4gpt
2509,f9v35
2510,x3byj
2511,jwc9k
2512,e75e5
2513,3gke6
2514,yznrt
2515,pu89b
2516,jyo52
2517,ok7ux
2518,pura7
2519,8vbzm
2520,476hp
2521,f9r9q
2522,frgri
2523,92ozc
2524,5ukz6
2525,n6bky
2526,ot5ms
2527,9cvuj
2528,6ka6n
2529,un869
2530,zp28y
2531,hi4tp
2532,vnqgt
2533,rbtqh
2534,821qp
2535,4ya3p
2536,4qszv
2537,mytfv
2538,4tioz
2539,4igov
2540,kmfp7
2541,kb81q
2542,f832t
2543,34ipi
2544,yk4p9
2545,sdgya
2546,s8fap
2547,78cuo
2548,jg54i
2549,jko4c
2550,hg84k
2551,hosyc
2552,ecxi5
2553,2rt3m
2554,2qs96
2555,k5hre
2556,sidnr
2557,9g1qz
2558,raq43
2559,9qpot
2560,9oq6r
2561,w3or6
2562,e2k4y
2563,wrqkd
2564,we6uy
2565,enmfz
2566,eh43g
2567,nrv46
2568,gt61q
2569,nd1qo
2570,aftui
2571,4qz7n
2572,xaxu6
2573,28bej
2574,6b2qj
2575,tywpv
2576,g8sbm
2577,yzpqh
2578,f4ubi
2579,fdehe
2580,3ts48
2581,mbfjs
2582,fthzq
2583,fk8ka
2584,av8i5
2585,6rgki
2586,t6rso
2587,ho76h
2588,ha9a9
2589,z7mug
2590,1qv3t
2591,yh6hp
2592,a8h3w
2593,ca98m
2594,opf64
2595,v2sb9
2596,7qtnm
2597,7xhs6
2598,prwbi
2599,pcpka
2600,7btv8
2601,3b2b9
2602,y8o1q
2603,uiuao
2604,om7qo
2605,ihdhg
2606,yja2k
2607,mtoat
2608,t3gqp
2609,c3ur8
2610,kamrv
2611,29heb
2612,3coj9
2613,x7rbi
2614,kwy52
2615,2wq8g
2616,w9r7y
2617,wduv7
2618,jgdtu
2619,1q52h
2620,4vkvt
2621,yrhri
2622,yrxpx
2623,fv5dv
2624,a8ptp
2625,4nbr2
2626,6u897
2627,261qo
2628,wiqsr
2629,jz871
2630,eanpg
2631,8tone
2632,q8ecf
2633,3en1q
2634,x9437
2635,rc574
2636,ewxk3
2637,9stgs
2638,rt8it
2639,muo4a
2640,msdt2
2641,g28d4
2642,b2sfm
2643,th3ya
2644,tnj8i
2645,ax7h8
2646,ctjwz
2647,t45mf
2648,ncucm
2649,ozbv4
2650,ixau8
2651,6zxgz
2652,g7926
2653,gjmvw
2654,bxcs1
2655,oe2vu
2656,6tm4u
2657,ptk7c
2658,v2ux2
2659,7i9p7
2660,3jsh3
2661,xmezi
2662,xvwiw
2663,8ub6c
2664,87c5e
2665,sq6dk
2666,rmhct
2667,re9ov
2668,mq69q
2669,32i6r
2670,tobkq
2671,ivwoc
2672,jesmj
2673,d6c2a
2674,wx27n
2675,jzx9p
2676,duv2f
2677,5hbjb
2678,ihawy
2679,srtiv
2680,pmx23
2681,6c3ec
2682,hfkix
2683,5rkw3
2684,z7hcj
2685,nixwu
2686,g5phi
2687,cmvus
2688,zp54k
2689,zjuns
2690,gptvx
2691,sk653
2692,f1qex
2693,9aery
2694,ro2d1
2695,r1qvp
2696,8dohp
2697,gd3fn
2698,b8sd7
2699,7apru
2700,7852g
2701,iote8
2702,9dmp7
2703,242hr
2704,7pdho
2705,37om7
2706,39krf
2707,qdg8v
2708,eqc6p
2709,icqwk
2710,6xw5c
2711,1qz69
2712,f6fks
2713,3q3pr
2714,qy7cp
2715,jygso
2716,j1qdv
2717,wft1q
2718,db7bi
2719,9g6dn
2720,artmn
2721,snzhv
2722,sn3mf
2723,m6kc6
2724,gnqjd
2725,xoix3
2726,n81q9
2727,24di2
2728,pbdjv
2729,6trga
2730,1qmcw
2731,7ajxc
2732,ugtry
2733,fqi36
2734,m4hdq
2735,9wbce
2736,j1qhd
2737,r98a4
2738,op648
2739,pdqtu
2740,1qtma
2741,vgw6z
2742,v5tjw
2743,pcd2y
2744,7u2d9
2745,3jpfy
2746,w4ako
2747,w1qc8
2748,1qvic
2749,5i4e7
2750,usw2c
2751,opq8n
2752,qthnf
2753,hi8gn
2754,yuiri
2755,ymzvq
2756,gp5fi
2757,aj472
2758,xwy1q
2759,kcxe8
2760,mu8w5
2761,48eab
2762,ovj1q
2763,tndur
2764,fi61q
2765,aj6ia
2766,ryxca
2767,5x4ym
2768,9q78y
2769,mqrau
2770,gn8yv
2771,xai5j
2772,x2r8k
2773,f8dk4
2774,fvkfw
2775,wr9a9
2776,rcrkm
2777,r9afv
2778,fydfn
2779,wgxgq
2780,4bydc
2781,k58jw
2782,amag7
2783,amb1q
2784,szc4i
2785,bx1qn
2786,2em4p
2787,kuwyd
2788,74r3m
2789,pzjf2
2790,sh7gi
2791,t1qcu
2792,o3a1q
2793,yxfqx
2794,s3rek
2795,s4g2p
2796,o8dv1
2797,csatv
2798,7g5bx
2799,oezr8
2800,dseug
2801,3cw4y
2802,4iymx
2803,pdgvw
2804,s9pnq
2805,8wm37
2806,n61q4
2807,yfihv
2808,y4qsc
2809,hc4h7
2810,1qoqy
2811,twdcp
2812,bgebz
2813,c58w2
2814,gzqzq
2815,i7dgx
2816,zpxe7
2817,1qetr
2818,whyo3
2819,djkb2
2820,9mhat
2821,93heo
2822,rsw3c
2823,kyv2n
2824,8hint
2825,8a584
2826,rm6mg
2827,r28vj
2828,v1qe9
2829,rpqgt
2830,fgnjk
2831,a3iyd
2832,4s8m3
2833,hetkw
2834,yt5rk
2835,ye93v
2836,tguc7
2837,avbtu
2838,a9fno
2839,s6vro
2840,m7tev
2841,gw7oz
2842,gu8k9
2843,pr5ec
2844,1q34k
2845,hb9bm
2846,q37wc
2847,ej4a9
2848,7empd
2849,p8qbt
2850,xin69
2851,efhxy
2852,fchzh
2853,x7hd7
2854,xjp5m
2855,egsvz
2856,w7zco
2857,6vdjn
2858,w9yit
2859,we3u6
2860,r1q5o
2861,8odkg
2862,xonya
2863,jmuiv
2864,ejg3c
2865,26icx
2866,ecmgx
2867,r6i38
2868,8peg9
2869,qgrhj
2870,xvjsh
2871,kcje8
2872,e7dq7
2873,woabg
2874,ja48f
2875,f52h4
2876,ju6pj
2877,diafg
2878,8an1q
2879,8xkp6
2880,vay7j
2881,czqok
2882,j9e1q
2883,z4px9
2884,6napx
2885,2i26i
2886,2xg3p
2887,j4nx9
2888,7k7fs
2889,u3n94
2890,ciguh
2891,z8mo7
2892,6d2vy
2893,6jsq7
2894,1qcz1
2895,jxwzy
2896,dco8u
2897,fv1qd
2898,yj45f
2899,h3xzx
2900,6jn9x
2901,o5c54
2902,qp3ht
2903,jbfap
2904,os3dx
2905,j7gbf
2906,jr74u
2907,d7396
2908,8st4y
2909,p8rq6
2910,7y51q
2911,8pn2z
2912,pu9gz
2913,cd81q
2914,7mf2g
2915,2zi1q
2916,dwegs
2917,7wo5u
2918,836u3
2919,ryp1q
2920,rsthk
2921,eon6c
2922,ixhjy
2923,6qn1q
2924,thnpo
2925,1qhr3
2926,cfr2e
2927,6zojf
2928,7b4bq
2929,1qnio
2930,ofhuw
2931,5a3an
2932,1qwhj
2933,1q6jx
2934,vdwkh
2935,eq97f
2936,8kvmu
2937,jf9v2
2938,jdwhk
2939,79qw9
2940,2pbun
2941,q4zxp
2942,mm7cfi
2943,f4km5
2944,xsv9i
2945,6c79a
2946,hqr9r
2947,dircf
2948,7ear6
2949,icw8q
2950,6y8jp
2951,1qyt2
2952,nbkeq
2953,o5zwi
2954,57rd5
2955,yzfgu
2956,zk6nt
2957,vk6it
2958,rosv8
2959,1qghs
2960,21quv
2961,iqkh5
2962,y5jpu
2963,98krh
2964,wvogb
2965,qj1q9
2966,sa4pq
2967,i26se
2968,s7fbr
2969,z5her
2970,z5xzs
2971,wbgbm
2972,w1qwf
2973,qcg8s
2974,o2jk1
2975,5dnzg
2976,rioy3
2977,atvz6
2978,dqnvn
2979,pwyen
2980,5h8d4
2981,v1qt4
2982,76p5s
2983,p9prj
2984,54t2d
2985,gq6f5
2986,4bv6p
2987,1q7k3
2988,i856q
2989,93zed
2990,k5g92
2991,29rnd
2992,jgwcx
2993,jw9ov
2994,76z79
2995,2yecb
2996,xe9gx
2997,g1qgf
2998,zcjnt
2999,tn42d
3000,t7jzv
3001,b1qm3
3002,brgp3
3003,typc3
3004,ukb8u
3005,b8pda
3006,7ncup
3007,73kia
3008,1qkp5
3009,hgvqs
3010,9jo3h
3011,bvnw7
3012,szmtq
3013,swcih
3014,nd74z
3015,yru8m
3016,svhvh
3017,f7ioh
3018,n8yoa
3019,hevwz
3020,bmdnc
3021,btuor
3022,taz7x
3023,bur83
3024,dehak
3025,vru37
3026,1q8fh
3027,gic4m
3028,b1q97
3029,1q9rc
3030,1qh3u
3031,hbn2e
3032,vwiwd
3033,cnzfk
3034,6y5tx
3035,7t8ws
3036,i9iqk
3037,c7t94
3038,k2ie6
3039,wqcm3
3040,j1qt9
3041,1qhi4
3042,j5a5u
3043,j46ec
3044,2vm4q
3045,2w23w
3046,vo4bj
3047,o1qbx
3048,brszn
3049,fbzvo
3050,a37is
3051,i1qy2
3052,2gd1q
3053,wqym2
3054,emteu
3055,v6i53
3056,4zb4n
3057,mpftq
3058,fpfob
3059,fugjx
3060,adzbo
3061,tg5rb
3062,zmf4k
3063,nzaj9
3064,dvgda
3065,dc69r
3066,v3rdr
3067,ws3cp
3068,rup6a
3069,3v47n
3070,w1qm9
3071,jmbpr
3072,uxqg7
3073,6p39k
3074,t1q9x
3075,bciq6
3076,yj1qg
3077,u8xux
3078,hix1q
3079,h7x5u
3080,oep21
3081,cs7cm
3082,cnjd1
3083,6z7v1
3084,t64ne
3085,bdp9h
3086,7bp7p
3087,2at1q
3088,ju58k
3089,rwgky
3090,e1qrs
3091,acim9
3092,afcuj
3093,74ix8
3094,js1q9
3095,9h2fc
3096,qt9gz
3097,9g893
3098,mc6jd
3099,3vehf
3100,4cjyh
3101,k9ym1
3102,f5gf8
3103,f1qmx
3104,wswoh
3105,wg1qb
3106,mbfjp
3107,mhf54
3108,g7863
3109,ztgc5
3110,zupif
3111,taz9u
3112,ofejd
3113,hbgcy
3114,jw5sx
3115,gw6o8
3116,bisvt
3117,bds8v
3118,6v9i3
3119,nzr29
3120,n8hue
3121,y81qu
3122,u3tgu
3123,da4ha
3124,d8fj2
3125,uiwi1
3126,udr1q
3127,bmb1q
3128,pepgi
3129,1qdov
3130,4jkzu
3131,kfx1q
3132,kbmri
3133,x5z4p
3134,extes
3135,ed3x3
3136,z2z68
3137,c1qsm
3138,rdohj
3139,dah9t
3140,wcdgh
3141,qzsc4
3142,qpv34
3143,vc6kr
3144,7tyxm
3145,o3ibn
3146,cncyo
3147,s6ygj
3148,i7sx9
3149,dqpiy
3150,dz93z
3151,9a3gr
3152,5cio1
3153,hek9o
3154,51qdu
3155,iud9b
3156,2n98k
3157,ui6m1
3158,wdx9b
3159,g8q2z
3160,ziyrd
3161,ncrwy
3162,a1qye
3163,ykpsf
3164,g89yk
3165,3rpsp
3166,q8eqj
3167,dmfrw
3168,ohrz1
3169,4vpqm
3170,m1q7g
3171,f3tfk
3172,a4x9j
3173,acgei
3174,zjhp7
3175,ngtni
3176,hoqy4
3177,ienmq
3178,dzpoq
3179,7duq5
3180,7tsqj
3181,p245q
3182,i6pqd
3183,uhioe
3184,p2ro9
3185,2y42q
3186,cub5x
3187,f636n
3188,3euyr
3189,wzhve
3190,ekj1q
3191,8e3t3
3192,4sbd6
3193,m2e2o
3194,8juej
3195,v3kwh
3196,d9k8q
3197,n7x21
3198,v6xqb
3199,cmavn
3200,t3cet
3201,ofyn9
3202,h6hnf
3203,c8rf5
3204,tf327
3205,oqhue
3206,pke3r
3207,tfsmn
3208,u6gnt
3209,i1q8q
3210,cu1q9
3211,7xcdv
3212,ozh3w
3213,j256c
3214,jicd3
3215,28jir
3216,etxsg
3217,dxy3h
3218,2emth
3219,pvux7
3220,cabw5
3221,we1q2
3222,8imcq
3223,qep4g
3224,yebtc
3225,fugxq
3226,83qsc
3227,qybek
3228,mx3di
3229,mx9oh
3230,f91qb
3231,dytpa
3232,7kqyp
3233,uhs1q
3234,quwzo
3235,koipj
3236,x4n2c
3237,em7b1
3238,52nzb
3239,ijmdp
3240,cr1q4
3241,t671q
3242,ihr9q
3243,c3gzo
3244,85wy2
3245,8xyfo
3246,rc6si
3247,869jq
3248,gw6b6
3249,g87x9
3250,cn9s5
3251,tzsw2
3252,papoi
3253,kacfo
3254,f6tge
3255,9uenc
3256,9gzvw
3257,wa3yu
3258,ezt4j
3259,okgpa
3260,tjhja
3261,gupfy
3262,sxndf
3263,oxtdh
3264,ovqur
3265,51qdc
3266,56tzk
3267,us1qz
3268,5cv28
3269,mt6s1
3270,4xvys
3271,49r1q
3272,mj9i7
3273,h1qxn
3274,hijhs
3275,zb7hx
3276,bawfo
3277,zh46w
3278,t35o7
3279,im4vy
3280,cxp1q
3281,esneu
3282,36fn1
3283,vbf7f
3284,qkt42
3285,j7gof
3286,1qe4i
3287,qb95r
3288,dai2x
3289,zenm3
3290,7c6fc
3291,35yws
3292,jqahs
3293,k2jay
3294,3gfki
3295,y8b36
3296,fk7g9
3297,iwtg1
3298,wvrvr
3299,qv39c
3300,9be5y
3301,hwye5
3302,c7kcz
3303,7j1q1
3304,3o1qg
3305,2icp6
3306,xk64y
3307,x7ou4
3308,expt6
3309,nzwfb
3310,6otaf
3311,6y1qd
3312,pnqhu
3313,qmk9b
3314,k3wn1
3315,2p9t6
3316,xc4cp
3317,yvuh3
3318,unm7t
3319,phbfs
3320,7n8bt
3321,8rgis
3322,c3ur8
3323,81qsz
3324,321qp
3325,xo2ch
3326,tj8wi
3327,a8tr4
3328,zg8po
3329,ohamu
3330,5sy8m
3331,5mq63
3332,zthsr
3333,a6fiu
3334,gfs6o
3335,43hzo
3336,m87ui
3337,m9fhs
3338,fj6qp
3339,bmdfc
3340,y7t59
3341,fy4s2
3342,afio3
3343,apt4n
3344,repx8
3345,zn53d
3346,ut3cg
3347,b2zih
3348,d8axt
3349,ugs3m
3350,3jr4p
3351,qw3uf
3352,ms54i
3353,3b3mc
3354,34fpn
3355,x5wf9
3356,txr63
3357,gfeci
3358,an4cy
3359,ybxo4
3360,p1q7a
3361,pdtjk
3362,ci37e
3363,tect3
3364,td6rb
3365,gc4se
3366,kz2t5
3367,8921q
3368,akfet
3369,rn47v
3370,rswmo
3371,8kmow
3372,3yjch
3373,4qpst
3374,u5ae8
3375,uaif6
3376,qya6h
3377,e7q6o
3378,8h5vk
3379,ry5i8
3380,k1qx6
3381,8mpxs
3382,3vguc
3383,whcv9
3384,6vidz
3385,n46w2
3386,oy4b6
3387,73ext
3388,7xusg
3389,dqnv6
3390,q6ven
3391,voxvw
3392,prcm8
3393,6oygd
3394,t9ige
3395,ay9wx
3396,hg3em
3397,jxewv
3398,8stbk
3399,9rexy
3400,sp3tg
3401,a5tbn
3402,cdcgi
3403,msfze
3404,b9cn3
3405,nme2y
3406,anx5f
3407,59axt
3408,odp6b
3409,y1q5c
3410,7ecg3
3411,p2o9n
3412,kda6z
3413,k4gyc
3414,rckct
3415,rb3u4
3416,kep7b
3417,abfgy
3418,e6zpg
3419,mgj2t
3420,4ip45
3421,a85yq
3422,c1qkv
3423,2jnoc
3424,pmn6s
3425,oko6q
3426,zscfh
3427,tkepz
3428,o9a2h
3429,j37y8
3430,fpvin
3431,9kpna
3432,bi398
3433,gvmsx
3434,4zxi1
3435,4yafv
3436,two2k
3437,t9a3q
3438,snzwn
3439,8ip92
3440,q8e3f
3441,di9eq
3442,e2g6o
3443,x721q
3444,turif
3445,tghah
3446,iedca
3447,jfydk
3448,un93q
3449,cxsvu
3450,tq5z6
3451,rvfjw
3452,7pcni
3453,7joka
3454,39ra4
3455,81q3t
3456,8aso2
3457,votvk
3458,d2uyc
3459,mw5tn
3460,38c5a
3461,wf1q6
3462,kjwjc
3463,e4dnv
3464,3pu87
3465,kgb9f
3466,o7f6r
3467,bfv78
3468,f4yt8
3469,8wydj
3470,qa9db
3471,rs9ct
3472,x7uyk
3473,q86s1
3474,bwz2j
3475,fp8pa
3476,g1qmz
3477,r5jvk
3478,eubr1
3479,qty61
3480,dukvs
3481,p9m8w
3482,zt5p7
3483,1q7k2
3484,j5a5n
3485,7dosg
3486,v5nid
3487,cwsp7
3488,c8s25
3489,21qbq
3490,4hqrc
3491,f6kig
3492,wx8p2
3493,j3m9z
3494,ec56v
3495,257pz
3496,4j59j
3497,rujzi
3498,73w31
3499,uzg87
3500,cokqn
3501,yk4ry
3502,t8cub
3503,1qire
3504,ojkeu
3505,5v1qm